prompt,response
What kind of dish are you in the mood for?,"What type of dish would you like? (e.g., Italian, Mexican, Indian)"
I'd like something Italian.,"Great! And what kind of Italian dish are you thinking of? (e.g., pasta, pizza, risotto)"
"Pasta, maybe something with seafood.","Okay, seafood pasta. And what's your budget like for this meal? (e.g., 100-500, 500-1000, 1000+)"
300.,Got it. A budget of 300. And how many people are you looking to feed?
Just for me.,"Okay, just for you. So, a budget-friendly Italian seafood pasta for one person. Is that correct?"
"Yes, that's right.","Perfect! I'll find some options for you. (Calling tool: search_recipes with parameters: dish_type=Italian, cuisine=Seafood, budget=300, people=1)"
I'm craving some spicy food.,"Spicy food sounds good! What kind of cuisine are you in the mood for? (e.g., Thai, Indian, Mexican)"
"Indian, perhaps something with chicken.","Okay, Indian chicken. What's your budget for this meal? And how many people?"
"500, for two.","Alright, a moderately priced Indian chicken dish for two. (Calling tool: search_recipes with parameters: dish_type=Indian, cuisine=Chicken, budget=500, people=2)"
Something quick and easy for lunch.,"For a quick and easy lunch, what kind of dish are you thinking of? (e.g., sandwich, salad, soup)"
A salad sounds good.,"Okay, a salad. Any preference on the type of salad? (e.g., Caesar, Greek, Cobb)"
A Greek salad.,Great choice! And what's your budget for this quick lunch? And how many people?
"150, for one.","Perfect, a budget-friendly Greek salad for one. (Calling tool: search_recipes with parameters: dish_type=Salad, cuisine=Greek, budget=150, people=1)"
I want to try something new.,"Exciting! What kind of cuisine are you interested in exploring? (e.g., Ethiopian, Vietnamese, Peruvian)"
Maybe something Vietnamese.,"Excellent! Any particular type of Vietnamese dish you'd like to try? (e.g., Pho, Banh Mi, Goi Cuon)"
Pho sounds interesting.,Great choice! And what is your budget for this meal? And how many people will be dining?
"1200, for four.","Perfect, an expensive Pho for four. (Calling tool: search_recipes with parameters: dish_type=Soup, cuisine=Vietnamese, budget=1200, people=4)"
I'm looking for a vegetarian dish.,"Great! What kind of vegetarian dish are you in the mood for? (e.g., pasta, curry, salad)"
A vegetarian curry would be nice.,"Okay, vegetarian curry. What cuisine are you thinking of? (e.g., Indian, Thai, Malaysian)"
Thai.,Got it. A Thai vegetarian curry. And what's your budget for this meal? And how many people?
"400, for two.","Perfect. A moderately priced Thai vegetarian curry for two. (Calling tool: search_recipes with parameters: dish_type=Curry, cuisine=Thai, budget=400, vegetarian=true, people=2)"
I want to eat pizza.,"Great! What kind of pizza are you in the mood for? (e.g., Margherita, Pepperoni, Veggie)"
Pepperoni.,"Okay, pepperoni pizza. And what's your budget for this meal? And how many people?"
"250, for one.","Got it. Budget-friendly pepperoni pizza for one. (Calling tool: search_restaurants with parameters: dish_type=Pizza, cuisine=Pepperoni, budget=250, people=1)"
I want to eat pizza under 200 rupees.,"Okay, you're looking for a budget-friendly pizza. Veg or non-veg? And how many people?"
"Veg, for three.","Got it, a budget-friendly veg pizza for three. (Calling tool: search_restaurants with parameters: dish_type=Pizza, cuisine=Veg, budget=200, people=3)"
I want to eat biryani.,"Delicious! What kind of biryani are you craving? (e.g., Hyderabadi, Lucknowi, Kolkata)"
Hyderabadi chicken biryani.,Excellent choice! And what's your budget for this meal? And how many people?
"600, for two.","Perfect, a moderately priced Hyderabadi chicken biryani for two. (Calling tool: search_restaurants with parameters: dish_type=Biryani, cuisine=Hyderabadi, dish=Chicken Biryani, budget=600, people=2)"
I'm craving some Chinese food.,"Great! What kind of Chinese dish are you in the mood for? (e.g., noodles, fried rice, Manchurian)"
Noodles.,"Okay, noodles! Veg or non-veg? And how many people?"
"Veg, for one.","Got it, veg noodles for one. And what's your budget?"
800.,"Alright, moderately priced veg noodles for one. (Calling tool: search_restaurants with parameters: dish_type=Noodles, cuisine=Chinese, budget=800, vegetarian=true, people=1)"
I want to eat something sweet.,"Sounds good! What kind of sweet treat are you thinking of? (e.g., ice cream, cake, pastry)"
Ice cream.,"Okay, ice cream! What flavor are you in the mood for? And how many people?"
"Chocolate, for two.",Great choice! And what's your budget?
300.,"Perfect, budget-friendly chocolate ice cream for two. (Calling tool: search_restaurants with parameters: dish_type=Ice Cream, cuisine=Chocolate, budget=300, dessert=true, people=2)"
Suggest me a good restaurant for Italian food within 500 rupees.,"Okay, you're looking for a budget-friendly Italian restaurant. Veg or non-veg preference? And for how many people?"
"Non-veg, for one.","Got it. (Calling tool: search_restaurants with parameters: dish_type=Italian, budget=500, non-veg=true, people=1) I recommend [Restaurant Name]! They have delicious non-veg Italian options like [Dish 1], [Dish 2], and [Dish 3], all within your budget."
I want to eat a veg burger under 300 rupees.,"Okay, you're looking for a budget-friendly veg burger. And for how many people?"
For two.,"Got it. (Calling tool: search_restaurants with parameters: dish_type=Burger, cuisine=Veg, budget=300, people=2) I recommend [Restaurant Name]! They have great veg burgers like [Dish 1], [Dish 2], and [Dish 3], all under 300 rupees."
Suggest me a good restaurant for Hyderabadi biryani.,Sure! What's your budget for this meal? And how many people?
"700, for three.","Okay, moderately priced Hyderabadi biryani for three. (Calling tool: search_restaurants with parameters: dish_type=Biryani, cuisine=Hyderabadi, budget=700, people=3) I recommend [Restaurant Name]! They have delicious Hyderabadi biryani like [Dish 1], [Dish 2], and [Dish 3]."
I want to eat dosa,"Great! What type of dosa are you craving? (e.g., Masala Dosa, Onion Dosa, Plain Dosa)"
Masala Dosa,"Okay, Masala Dosa! And what's your budget for this meal? And how many people?"
"200, for one.","Perfect, budget-friendly Masala Dosa for one. (Calling tool: search_restaurants with parameters: dish_type=Dosa, cuisine=South Indian, dish=Masala Dosa, budget=200, people=1) I recommend [Restaurant Name]! They have delicious Masala Dosa along with [Dish 1], [Dish 2], and [Dish 3] all under your budget."
I'm in the mood for some Thai food.,"Thai food sounds great! What kind of Thai dish are you interested in? (e.g., Pad Thai, Green Curry, Tom Yum Soup)"
Pad Thai sounds good.,Excellent choice! And what's your budget for this meal? And how many people?
"450, for two.","Perfect, a moderately priced Pad Thai for two. (Calling tool: search_restaurants with parameters: dish_type=Noodles, cuisine=Thai, dish=Pad Thai, budget=450, people=2) I recommend [Restaurant Name]! They have delicious Pad Thai along with [Dish 1], [Dish 2], and [Dish 3]."
I want to try some Mexican food.,"Mexican food is a great choice! What kind of dish are you thinking of? (e.g., Tacos, Burritos, Quesadillas)"
"Tacos, maybe something with chicken.","Okay, chicken tacos! And what's your budget for this meal?  And how many people?"
"300, for one.","Got it, budget-friendly chicken tacos for one. (Calling tool: search_restaurants with parameters: dish_type=Tacos, cuisine=Mexican, dish=Chicken Tacos, budget=300, people=1) I recommend [Restaurant Name]! They have delicious chicken tacos and other Mexican favorites like [Dish 1], [Dish 2], and [Dish 3]."
Suggest me a good place for a vegetarian breakfast.,"Sure! What kind of vegetarian breakfast are you in the mood for? (e.g., pancakes, omelette, idli)"
Idli.,"Okay, Idli. And what is your budget? How many people?"
"150, for two.","Perfect, budget-friendly Idli for two. (Calling tool: search_restaurants with parameters: dish_type=Breakfast, cuisine=South Indian, dish=Idli, budget=150, vegetarian=true, people=2) I recommend [Restaurant Name]! They have delicious Idli along with [Dish 1], [Dish 2], and [Dish 3]."
I want a quick and healthy lunch.,"For a quick and healthy lunch, what kind of dish are you thinking of? (e.g., Salad, Wrap, Smoothie)"
A salad sounds good.,"Okay, a salad. What kind of salad? (e.g., Caesar, Greek, Quinoa)"
Quinoa salad.,Great choice! And what's your budget? How many people?
"250, for one.","Perfect, budget-friendly Quinoa salad for one. (Calling tool: search_restaurants with parameters: dish_type=Salad, dish=Quinoa Salad, budget=250, people=1, healthy=true) I recommend [Restaurant Name]! They have delicious Quinoa salad and other healthy options like [Dish 1], [Dish 2], and [Dish 3]."
I'm looking for a place to have dessert.,"Sounds good! What kind of dessert are you craving? (e.g., Ice cream, Cake, Brownie)"
Ice cream.,"Okay, Ice cream! What flavor? How many people?"
"Chocolate, for two.",Great! And what's your budget?
400.,"Perfect, budget-friendly chocolate ice cream for two. (Calling tool: search_restaurants with parameters: dish_type=Ice Cream, flavor=Chocolate, budget=400, dessert=true, people=2) I recommend [Restaurant Name]! They have delicious chocolate ice cream along with [Dish 1], [Dish 2], and [Dish 3]."
